Simulation,Mean Error,Mean Absolute Error,Mean Absolute Percentage Error
0,7836.82038,8065.449654,11.56614568
1,7819.380274,8086.720346,11.58754028
2,7864.568357,8017.398708,11.49355897
3,7813.283808,8015.380391,11.48349203
4,7808.395566,8015.779967,11.48381983
5,7798.547658,7998.337885,11.45567918
