Techniques:,MA,ARIMA,EXPS,Regression
ME,-1561.565866,-207.2318212,663.5262123,3613.683192
MAE,9170.966556,9564.244803,10933.82439,13548.35415
MAPE,46.1642155,53.54643261,60.297456,76.85125521
