Techniques:,MA,ARIMA,EXPS,Regression
ME,4.947388223,7.178164228,130.4590007,1100.257144
MAE,3870.547878,3743.672502,3705.854861,4985.948046
MAPE,62.48493536,60.05410447,60.5015306,84.58092275
